7
1,Giordano,Tinella,giordano@gmail.com,GRDTNL,admin,Amministratore
2,Francesco,Santamaria,francesco@gmail.com,FRNCSCSNTMR,farm,Farmacista
3,Davide,Palombaro,davide@gmail.com,DVDPLMBR,doc,Medico
4,Federico,Cantoro,federico@gmail.com,FDRCCNTR,paz,Paziente
5,Simone,Belli,simone@gmail.com,SMNBLL,paz1,Paziente
6,Simone,Luciani,simone@gmail.com,SMNLCN,doc,Medico,
